"Cores","Runtime","Speedup","Efficiency"
1,10.9040331840515,1,100
2,5.32548093795776,2.04752083634967,102.376041817484
4,2.8304750919342,3.85236853527662,96.3092133819154
8,1.67024803161621,6.52839157876466,81.6048947345582
12,1.59920001029968,6.81842991109545,56.8202492591288
